classifier,classifier_file,extractor,extractor_file,subsampling,nfilter,regularization,pre_filter_order,smoothing_window,smoothing_type,subject,mean_squared_error,roc_score,roc_auc_score,precision_score,accuracy_score,date,time,id,test_series
logistic-regression,../models/subject-1_logistic-regression_20210905133525_.sav,csp,_csp_20210905113839_.sav,500,6,ledoit_wolf,5,250,boxcar,1,0.38365320821560267,,,,,05/09/2021,13:35:26,938f23aa-b6f2-45a7-9bda-0ced05649627,
logistic-regression,../models/subject-2_logistic-regression_20210905133547_.sav,csp,_csp_20210905113839_.sav,500,6,ledoit_wolf,5,250,boxcar,2,0.3090870921645793,,,,,05/09/2021,13:35:47,938f23aa-b6f2-45a7-9bda-0ced05649627,
logistic-regression,../models/subject-1_logistic-regression_20210905133707_.sav,csp,_csp_20210905113839_.sav,500,6,ledoit_wolf,5,250,boxcar,1,0.38365320821560267,,,,,05/09/2021,13:37:07,46dd2e34-1990-4b6e-9a4b-bf0a80199f19,
logistic-regression,../models/subject-2_logistic-regression_20210905133734_.sav,csp,_csp_20210905113839_.sav,500,6,ledoit_wolf,5,250,boxcar,2,0.3090870921645793,,,,,05/09/2021,13:37:34,46dd2e34-1990-4b6e-9a4b-bf0a80199f19,
logistic-regression,../models/subject-3_logistic-regression_20210905133748_.sav,csp,_csp_20210905113839_.sav,500,6,ledoit_wolf,5,250,boxcar,3,0.40852882017117775,,,,,05/09/2021,13:37:48,46dd2e34-1990-4b6e-9a4b-bf0a80199f19,
logistic-regression,../models/subject-4_logistic-regression_20210905133802_.sav,csp,_csp_20210905113839_.sav,500,6,ledoit_wolf,5,250,boxcar,4,0.3844332804692033,,,,,05/09/2021,13:38:02,46dd2e34-1990-4b6e-9a4b-bf0a80199f19,
logistic-regression,../models/subject-5_logistic-regression_20210905133817_.sav,csp,_csp_20210905113839_.sav,500,6,ledoit_wolf,5,250,boxcar,5,0.36464087688491653,,,,,05/09/2021,13:38:17,46dd2e34-1990-4b6e-9a4b-bf0a80199f19,
logistic-regression,../models/subject-6_logistic-regression_20210905133832_.sav,csp,_csp_20210905113839_.sav,500,6,ledoit_wolf,5,250,boxcar,6,0.3223221030149382,,,,,05/09/2021,13:38:33,46dd2e34-1990-4b6e-9a4b-bf0a80199f19,
logistic-regression,../models/subject-7_logistic-regression_20210905133853_.sav,csp,_csp_20210905113839_.sav,500,6,ledoit_wolf,5,250,boxcar,7,0.33065187032081894,,,,,05/09/2021,13:38:53,46dd2e34-1990-4b6e-9a4b-bf0a80199f19,
logistic-regression,../models/subject-8_logistic-regression_20210905133907_.sav,csp,_csp_20210905113839_.sav,500,6,ledoit_wolf,5,250,boxcar,8,0.38592749744465693,,,,,05/09/2021,13:39:07,46dd2e34-1990-4b6e-9a4b-bf0a80199f19,
logistic-regression,../models/subject-9_logistic-regression_20210905133921_.sav,csp,_csp_20210905113839_.sav,500,6,ledoit_wolf,5,250,boxcar,9,0.36512599505245114,,,,,05/09/2021,13:39:22,46dd2e34-1990-4b6e-9a4b-bf0a80199f19,
logistic-regression,../models/subject-10_logistic-regression_20210905133937_.sav,csp,_csp_20210905113839_.sav,500,6,ledoit_wolf,5,250,boxcar,10,0.3560766032349489,,,,,05/09/2021,13:39:38,46dd2e34-1990-4b6e-9a4b-bf0a80199f19,
logistic-regression,../models/subject-11_logistic-regression_20210905133953_.sav,csp,_csp_20210905113839_.sav,500,6,ledoit_wolf,5,250,boxcar,11,0.3466433273462902,,,,,05/09/2021,13:39:53,46dd2e34-1990-4b6e-9a4b-bf0a80199f19,
logistic-regression,../models/subject-12_logistic-regression_20210905134010_.sav,csp,_csp_20210905113839_.sav,500,6,ledoit_wolf,5,250,boxcar,12,0.3066711716030668,,,,,05/09/2021,13:40:10,46dd2e34-1990-4b6e-9a4b-bf0a80199f19,
logistic-regression,../models/subject-1_logistic-regression_20210905134950_.sav,csp,_csp_20210905113839_.sav,1,10,ledoit_wolf,5,250,boxcar,1,0.37709543738155016,,,,,05/09/2021,13:49:51,01b853a6-98d6-431c-af52-60a82a4762de,
logistic-regression,../models/subject-2_logistic-regression_20210905135209_.sav,csp,_csp_20210905113839_.sav,1,10,ledoit_wolf,5,250,boxcar,2,0.334597069156597,,,,,05/09/2021,13:52:10,01b853a6-98d6-431c-af52-60a82a4762de,
logistic-regression,../models/subject-3_logistic-regression_20210905135341_.sav,csp,_csp_20210905113839_.sav,1,10,ledoit_wolf,5,250,boxcar,3,0.434518058775403,,,,,05/09/2021,13:53:42,01b853a6-98d6-431c-af52-60a82a4762de,
logistic-regression,../models/subject-4_logistic-regression_20210905135511_.sav,csp,_csp_20210905113839_.sav,1,10,ledoit_wolf,5,250,boxcar,4,0.38547353575218435,,,,,05/09/2021,13:55:11,01b853a6-98d6-431c-af52-60a82a4762de,
logistic-regression,../models/subject-5_logistic-regression_20210905135658_.sav,csp,_csp_20210905113839_.sav,1,10,ledoit_wolf,5,250,boxcar,5,0.3537729914987084,,,,,05/09/2021,13:56:58,01b853a6-98d6-431c-af52-60a82a4762de,
logistic-regression,../models/subject-6_logistic-regression_20210905135907_.sav,csp,_csp_20210905113839_.sav,1,10,ledoit_wolf,5,250,boxcar,6,0.33709345303746546,,,,,05/09/2021,13:59:08,01b853a6-98d6-431c-af52-60a82a4762de,
logistic-regression,../models/subject-7_logistic-regression_20210905140111_.sav,csp,_csp_20210905113839_.sav,1,10,ledoit_wolf,5,250,boxcar,7,0.338041032739888,,,,,05/09/2021,14:01:11,01b853a6-98d6-431c-af52-60a82a4762de,
logistic-regression,../models/subject-8_logistic-regression_20210905140335_.sav,csp,_csp_20210905113839_.sav,1,10,ledoit_wolf,5,250,boxcar,8,0.40914441229408094,,,,,05/09/2021,14:03:36,01b853a6-98d6-431c-af52-60a82a4762de,
logistic-regression,../models/subject-9_logistic-regression_20210905140516_.sav,csp,_csp_20210905113839_.sav,1,10,ledoit_wolf,5,250,boxcar,9,0.31888522157147686,,,,,05/09/2021,14:05:16,01b853a6-98d6-431c-af52-60a82a4762de,
logistic-regression,../models/subject-10_logistic-regression_20210905140658_.sav,csp,_csp_20210905113839_.sav,1,10,ledoit_wolf,5,250,boxcar,10,0.36832464752442634,,,,,05/09/2021,14:06:59,01b853a6-98d6-431c-af52-60a82a4762de,
logistic-regression,../models/subject-11_logistic-regression_20210905140830_.sav,csp,_csp_20210905113839_.sav,1,10,ledoit_wolf,5,250,boxcar,11,0.36905747875153255,,,,,05/09/2021,14:08:30,01b853a6-98d6-431c-af52-60a82a4762de,
logistic-regression,../models/subject-12_logistic-regression_20210905141042_.sav,csp,_csp_20210905113839_.sav,1,10,ledoit_wolf,5,250,boxcar,12,0.3068184485471209,,,,,05/09/2021,14:10:43,01b853a6-98d6-431c-af52-60a82a4762de,
multi-layer-perceptron,../models/subject-1_multi-layer-perceptron_20210905141822_.sav,csp,../extractors/_csp_20210905141748_.sav,100,5,ledoit_wolf,5,250,boxcar,1,0.4148756872068277,,,,,05/09/2021,14:18:22,60af73f1-1565-476f-81d2-46c552293ba8,
multi-layer-perceptron,../models/subject-2_multi-layer-perceptron_20210905142028_.sav,csp,../extractors/_csp_20210905142002_.sav,100,5,ledoit_wolf,5,250,boxcar,2,0.3269670122830893,,,,,05/09/2021,14:20:28,60af73f1-1565-476f-81d2-46c552293ba8,
multi-layer-perceptron,../models/subject-3_multi-layer-perceptron_20210905142205_.sav,csp,../extractors/_csp_20210905142132_.sav,100,5,ledoit_wolf,5,250,boxcar,3,0.4077236403289259,,,,,05/09/2021,14:22:06,60af73f1-1565-476f-81d2-46c552293ba8,
multi-layer-perceptron,../models/subject-4_multi-layer-perceptron_20210905142345_.sav,csp,../extractors/_csp_20210905142308_.sav,100,5,ledoit_wolf,5,250,boxcar,4,0.38586096789171104,,,,,05/09/2021,14:23:46,60af73f1-1565-476f-81d2-46c552293ba8,
multi-layer-perceptron,../models/subject-1_multi-layer-perceptron_20210905143232_.sav,csp,../extractors/_csp_20210905143131_.sav,100,5,ledoit_wolf,5,250,boxcar,1,0.382564252055009,,,,,05/09/2021,14:32:33,57598e7c-e707-4144-adbd-7beab9e4fbe7,
multi-layer-perceptron,../models/subject-2_multi-layer-perceptron_20210905143457_.sav,csp,../extractors/_csp_20210905143350_.sav,100,5,ledoit_wolf,5,250,boxcar,2,0.3290795812827316,,,,,05/09/2021,14:34:59,57598e7c-e707-4144-adbd-7beab9e4fbe7,
multi-layer-perceptron,../models/subject-3_multi-layer-perceptron_20210905143641_.sav,csp,../extractors/_csp_20210905143553_.sav,100,5,ledoit_wolf,5,250,boxcar,3,0.4223977968897683,,,,,05/09/2021,14:36:41,57598e7c-e707-4144-adbd-7beab9e4fbe7,
multi-layer-perceptron,../models/subject-4_multi-layer-perceptron_20210905143845_.sav,csp,../extractors/_csp_20210905143742_.sav,100,5,ledoit_wolf,5,250,boxcar,4,0.36132065168428806,,,,,05/09/2021,14:38:45,57598e7c-e707-4144-adbd-7beab9e4fbe7,
multi-layer-perceptron,../models/subject-1_multi-layer-perceptron_20210905144404_.sav,csp,../extractors/_csp_20210905144246_.sav,100,5,ledoit_wolf,5,250,boxcar,1,0.37546968336324343,,,,,05/09/2021,14:44:05,678f8b2e-545b-42e9-beed-6a93d398fe61,
multi-layer-perceptron,../models/subject-2_multi-layer-perceptron_20210905144710_.sav,csp,../extractors/_csp_20210905144523_.sav,100,5,ledoit_wolf,5,250,boxcar,2,0.3444060218418738,,,,,05/09/2021,14:47:11,678f8b2e-545b-42e9-beed-6a93d398fe61,
logistic-regression,../models/subject-1_logistic-regression_20210905145414_.sav,csp,_csp_20210905113839_.sav,500,5,ledoit_wolf,5,250,boxcar,1,0.38007846656657723,0.6353896323527227,,,,05/09/2021,14:54:15,3e5a7bb5-c507-4096-afe4-cad8079b16db,
logistic-regression,../models/subject-1_logistic-regression_20210905145503_.sav,csp,_csp_20210905113839_.sav,500,5,ledoit_wolf,5,250,boxcar,1,0.38007846656657723,0.6353896323527227,,,,05/09/2021,14:55:04,0249cf1f-c323-4e8e-a591-cf763b69be49,
logistic-regression,../models/subject-2_logistic-regression_20210905145529_.sav,csp,_csp_20210905113839_.sav,500,5,ledoit_wolf,5,250,boxcar,2,0.3077251726406997,0.6229277731413138,,,,05/09/2021,14:55:29,0249cf1f-c323-4e8e-a591-cf763b69be49,
logistic-regression,../models/subject-3_logistic-regression_20210905145542_.sav,csp,_csp_20210905113839_.sav,500,5,ledoit_wolf,5,250,boxcar,3,0.4089768033171778,0.5734434331058135,,,,05/09/2021,14:55:43,0249cf1f-c323-4e8e-a591-cf763b69be49,
logistic-regression,../models/subject-4_logistic-regression_20210905145557_.sav,csp,_csp_20210905113839_.sav,500,5,ledoit_wolf,5,250,boxcar,4,0.3815918246680742,0.6185623292859916,,,,05/09/2021,14:55:57,0249cf1f-c323-4e8e-a591-cf763b69be49,
logistic-regression,../models/subject-5_logistic-regression_20210905145612_.sav,csp,_csp_20210905113839_.sav,500,5,ledoit_wolf,5,250,boxcar,5,0.3651585506310424,0.5336415590318954,,,,05/09/2021,14:56:12,0249cf1f-c323-4e8e-a591-cf763b69be49,
logistic-regression,../models/subject-6_logistic-regression_20210905145627_.sav,csp,_csp_20210905113839_.sav,500,5,ledoit_wolf,5,250,boxcar,6,0.32246116830965244,0.614570198834051,,,,05/09/2021,14:56:28,0249cf1f-c323-4e8e-a591-cf763b69be49,
logistic-regression,../models/subject-7_logistic-regression_20210905145650_.sav,csp,_csp_20210905113839_.sav,500,5,ledoit_wolf,5,250,boxcar,7,0.3266970699919431,0.6131083733243877,,,,05/09/2021,14:56:51,0249cf1f-c323-4e8e-a591-cf763b69be49,
logistic-regression,../models/subject-8_logistic-regression_20210905145704_.sav,csp,_csp_20210905113839_.sav,500,5,ledoit_wolf,5,250,boxcar,8,0.38729729497002074,0.6215097031319216,,,,05/09/2021,14:57:04,0249cf1f-c323-4e8e-a591-cf763b69be49,
logistic-regression,../models/subject-9_logistic-regression_20210905145719_.sav,csp,_csp_20210905113839_.sav,500,5,ledoit_wolf,5,250,boxcar,9,0.36281180124766477,0.5670696938132194,,,,05/09/2021,14:57:19,0249cf1f-c323-4e8e-a591-cf763b69be49,
logistic-regression,../models/subject-10_logistic-regression_20210905145734_.sav,csp,_csp_20210905113839_.sav,500,5,ledoit_wolf,5,250,boxcar,10,0.3544267454339918,0.5620895763313286,,,,05/09/2021,14:57:35,0249cf1f-c323-4e8e-a591-cf763b69be49,
logistic-regression,../models/subject-11_logistic-regression_20210905145750_.sav,csp,_csp_20210905113839_.sav,500,5,ledoit_wolf,5,250,boxcar,11,0.3473071457483093,0.6237094388284642,,,,05/09/2021,14:57:51,0249cf1f-c323-4e8e-a591-cf763b69be49,
logistic-regression,../models/subject-12_logistic-regression_20210905145809_.sav,csp,_csp_20210905113839_.sav,500,5,ledoit_wolf,5,250,boxcar,12,0.30620239350095296,0.570654691320252,,,,05/09/2021,14:58:09,0249cf1f-c323-4e8e-a591-cf763b69be49,
logistic-regression,../models/subject-1_logistic-regression_20210905150241_.sav,csp,_csp_20210905113839_.sav,250,5,ledoit_wolf,5,250,boxcar,1,0.3844493865647141,0.6398343650630176,,,,05/09/2021,15:02:42,71963450-61bb-407e-abf4-8a814242946f,
logistic-regression,../models/subject-2_logistic-regression_20210905150303_.sav,csp,_csp_20210905113839_.sav,250,5,ledoit_wolf,5,250,boxcar,2,0.31577174187328755,0.6491672906151426,,,,05/09/2021,15:03:04,71963450-61bb-407e-abf4-8a814242946f,
logistic-regression,../models/subject-1_logistic-regression_20210905150525_.sav,csp,_csp_20210905113839_.sav,1,5,ledoit_wolf,5,250,boxcar,1,0.38422308252237447,0.639372317125746,,,,05/09/2021,15:05:26,b65e329c-b0d0-404c-bd6c-f156e9cfef93,
logistic-regression,../models/subject-2_logistic-regression_20210905150651_.sav,csp,_csp_20210905113839_.sav,1,5,ledoit_wolf,5,250,boxcar,2,0.3356576371209084,0.6834485373930258,,,,05/09/2021,15:06:52,b65e329c-b0d0-404c-bd6c-f156e9cfef93,
logistic-regression,../models/subject-1_logistic-regression_20210905151639_.sav,csp,_csp_20210905113839_.sav,1,5,ledoit_wolf,5,250,boxcar,1,0.04174442380544587,0.639372317125746,0.639372317125746,0,0,05/09/2021,15:16:40,d572eee4-ee00-4034-a8aa-67b9c37792e5,
logistic-regression,../models/subject-2_logistic-regression_20210905151806_.sav,csp,_csp_20210905113839_.sav,1,5,ledoit_wolf,5,250,boxcar,2,0.032577401629730364,0.6834485373930258,0.6834485373930258,0,0,05/09/2021,15:18:07,d572eee4-ee00-4034-a8aa-67b9c37792e5,
logistic-regression,../models/subject-1_logistic-regression_20210905152136_.sav,csp,_csp_20210905113839_.sav,250,5,ledoit_wolf,6,250,boxcar,1,0.04183475210576867,0.5813610638093057,0.5813610638093057,0,0,05/09/2021,15:21:36,50efcebf-bb3c-45d8-b2f0-ced89cab15a2,
logistic-regression,../models/subject-2_logistic-regression_20210905152158_.sav,csp,_csp_20210905113839_.sav,250,5,ledoit_wolf,6,250,boxcar,2,0.03302873782767942,0.5795102289871729,0.5795102289871729,0,0,05/09/2021,15:21:59,50efcebf-bb3c-45d8-b2f0-ced89cab15a2,
logistic-regression,../models/subject-1_logistic-regression_20210905152345_.sav,csp,_csp_20210905113839_.sav,250,5,ledoit_wolf,3,250,boxcar,1,0.041738104701151184,0.6317998979014771,0.6317998979014771,0,0,05/09/2021,15:23:45,5bcd280b-30f2-47b2-9c2b-d87edf6217ba,
logistic-regression,../models/subject-1_logistic-regression_20210905152444_.sav,csp,_csp_20210905113839_.sav,250,5,ledoit_wolf,1,250,boxcar,1,0.04169030999795356,0.6456131501989121,0.6456131501989121,0,0,05/09/2021,15:24:44,283153ae-2104-46d1-b278-58e08a21c14e,
logistic-regression,../models/subject-1_logistic-regression_20210905152617_.sav,csp,_csp_20210905113839_.sav,250,5,ledoit_wolf,0,250,boxcar,1,0.0428526071386199,0.5006410921863125,0.5006410921863125,0,0,05/09/2021,15:26:18,562826ee-3edc-4098-bb77-a7ce51b9de39,
logistic-regression,../models/subject-1_logistic-regression_20210905153952_.sav,csp,_csp_20210905113839_.sav,250,2,ledoit_wolf,1,250,boxcar,1,0.04184042672239418,0.6258219463954802,0.6258219463954802,0,0,05/09/2021,15:39:53,4b9eac66-ae0f-44c5-b3d6-625439378e5b,
logistic-regression,../models/subject-1_logistic-regression_20210905154013_.sav,csp,_csp_20210905113839_.sav,250,3,ledoit_wolf,1,250,boxcar,1,0.04183022683475949,0.6409958414593729,0.6409958414593729,0,0,05/09/2021,15:40:14,3c172d1f-05b2-403e-81f7-eca230233bce,
logistic-regression,../models/subject-1_logistic-regression_20210905154028_.sav,csp,_csp_20210905113839_.sav,250,4,ledoit_wolf,1,250,boxcar,1,0.041720800538374354,0.6548003756074913,0.6548003756074913,0,0,05/09/2021,15:40:29,0632704b-c19b-4194-a3b0-668bbb5847b5,
logistic-regression,../models/subject-1_logistic-regression_20210905154047_.sav,csp,_csp_20210905113839_.sav,250,6,ledoit_wolf,1,250,boxcar,1,0.04098050679440236,0.6906413807433404,0.6906413807433404,0,0,05/09/2021,15:40:48,6c83df1b-aec8-4776-bb6e-6066c217c1ad,
logistic-regression,../models/subject-1_logistic-regression_20210905154103_.sav,csp,_csp_20210905113839_.sav,250,7,ledoit_wolf,1,250,boxcar,1,0.04075832173656257,0.7103389456073788,0.7103389456073788,0,0,05/09/2021,15:41:04,6be729fb-4323-4144-985b-f1c1fba9a946,
logistic-regression,../models/subject-1_logistic-regression_20210905154118_.sav,csp,_csp_20210905113839_.sav,250,8,ledoit_wolf,1,250,boxcar,1,0.0407019142257048,0.7304345951282839,0.7304345951282839,0,0,05/09/2021,15:41:19,59302766-3423-4dd7-bf5c-18befc085ce2,
logistic-regression,../models/subject-1_logistic-regression_20210905154136_.sav,csp,_csp_20210905113839_.sav,250,9,ledoit_wolf,1,250,boxcar,1,0.04071723310334113,0.7299332542261957,0.7299332542261957,0,0,05/09/2021,15:41:37,875ce9ea-5b2f-4532-bd96-649817019fe5,
logistic-regression,../models/subject-1_logistic-regression_20210905154153_.sav,csp,_csp_20210905113839_.sav,250,10,ledoit_wolf,1,250,boxcar,1,0.04066679070552714,0.733685264589324,0.733685264589324,0,0,05/09/2021,15:41:53,87ad8fe3-a855-4fd4-9607-e4bb8e4f9653,
logistic-regression,../models/subject-1_logistic-regression_20210905154211_.sav,csp,_csp_20210905113839_.sav,250,11,ledoit_wolf,1,250,boxcar,1,0.04061277602490232,0.7369094100980051,0.7369094100980051,0,0,05/09/2021,15:42:12,b8e74eaa-dc01-414e-92bd-7cdd3ab758e8,
logistic-regression,../models/subject-1_logistic-regression_20210905154246_.sav,csp,_csp_20210905113839_.sav,250,20,ledoit_wolf,1,250,boxcar,1,0.04000977098618689,0.7556848119245857,0.7556848119245857,0,0,05/09/2021,15:42:46,c951e30d-b9d5-4b8d-879f-63546c9cd431,
logistic-regression,../models/subject-1_logistic-regression_20210905154404_.sav,csp,_csp_20210905113839_.sav,250,30,ledoit_wolf,1,250,boxcar,1,0.03964911963820641,0.7622260934287673,0.7622260934287673,0,0,05/09/2021,15:44:05,7fff5b92-a37f-44d5-a8c6-7b3a1d7e147a,
logistic-regression,../models/subject-1_logistic-regression_20210905154435_.sav,csp,_csp_20210905113839_.sav,250,32,ledoit_wolf,1,250,boxcar,1,0.03953690054287385,0.7653939272227146,0.7653939272227146,0,0,05/09/2021,15:44:35,ce5535d0-766b-48c5-928d-661ad60e618e,
logistic-regression,../models/subject-1_logistic-regression_20210905154516_.sav,csp,_csp_20210905113839_.sav,250,32,ledoit_wolf,1,250,boxcar,1,0.060125036903777324,0.7653939272227146,0.7653939272227146,0,0,05/09/2021,15:45:17,7c9a0456-54fb-4dd8-b833-2d65f1f15a76,
logistic-regression,../models/subject-1_logistic-regression_20210905154552_.sav,csp,_csp_20210905113839_.sav,250,32,ledoit_wolf,1,100,boxcar,1,0.060308699061563505,0.7215913634735954,0.7215913634735954,0,0,05/09/2021,15:45:52,1dd36d5c-b8d4-4fe3-ae99-74b5be5e35d3,
logistic-regression,../models/subject-1_logistic-regression_20210905154639_.sav,csp,_csp_20210905113839_.sav,250,32,ledoit_wolf,1,500,boxcar,1,0.06496382996072729,0.7383948315039516,0.7383948315039516,0,0,05/09/2021,15:46:40,2019b685-8a96-4037-b34b-ef35659e5060,
logistic-regression,../models/subject-1_logistic-regression_20210905154831_.sav,csp,_csp_20210905113839_.sav,250,32,ledoit_wolf,1,1000,boxcar,1,0.06860058991697675,0.6774883708023615,0.6774883708023615,0,0,05/09/2021,15:48:31,443785ed-2848-4e87-898d-19c09a95916b,
logistic-regression,../models/subject-1_logistic-regression_20210905155138_.sav,csp,_csp_20210905113839_.sav,250,32,ledoit_wolf,1,300,boxcar,1,0.06100954943648804,0.7589892703374033,0.7589892703374033,0,0,05/09/2021,15:51:38,75f37332-97a4-4784-80d1-6aeb5dfb5103,
logistic-regression,../models/subject-1_logistic-regression_20210905155219_.sav,csp,_csp_20210905113839_.sav,250,32,ledoit_wolf,1,200,boxcar,1,0.059665368052266216,0.7617684559590056,0.7617684559590056,0,0,05/09/2021,15:52:20,4a2dc806-702a-42d1-888e-fc0ddcf5611b,
logistic-regression,../models/subject-1_logistic-regression_20210905155250_.sav,csp,_csp_20210905113839_.sav,250,32,ledoit_wolf,1,150,boxcar,1,0.059771682202413856,0.7517476789794619,0.7517476789794619,0,0,05/09/2021,15:52:50,1eff8d58-b196-4f2e-8264-daf1260a074c,
logistic-regression,../models/subject-1_logistic-regression_20210905155336_.sav,csp,_csp_20210905113839_.sav,250,20,ledoit_wolf,1,200,boxcar,1,0.06004735069913666,0.7528851273980735,0.7528851273980735,0,0,05/09/2021,15:53:37,0c220878-2435-4ac8-8200-f4df102da0c1,
logistic-regression,../models/subject-1_logistic-regression_20210905155415_.sav,csp,_csp_20210905113839_.sav,100,20,ledoit_wolf,1,200,boxcar,1,0.05987728627626126,0.7498126286531944,0.7498126286531944,0,0,05/09/2021,15:54:16,0c3b554f-45ea-4925-ae81-19701b78c149,
logistic-regression,../models/subject-1_logistic-regression_20210905155434_.sav,csp,_csp_20210905113839_.sav,1000,20,ledoit_wolf,1,200,boxcar,1,0.06214749643656417,0.6996594060360773,0.6996594060360773,0,0,05/09/2021,15:54:34,03299c5b-ed0a-4a8a-84bf-78c757ce9096,
linear-discriminant-analysis,../models/subject-1_linear-discriminant-analysis_20210905155510_.sav,csp,_csp_20210905113839_.sav,500,20,ledoit_wolf,1,200,boxcar,1,0.06092727569885469,0.7475129007703337,0.7475129007703337,0,0,05/09/2021,15:55:10,222ca3ef-7980-4bcf-b96e-01ac8e342b20,
linear-discriminant-analysis,../models/subject-1_linear-discriminant-analysis_20210905155535_.sav,csp,_csp_20210905113839_.sav,250,20,ledoit_wolf,1,200,boxcar,1,0.0607122939834682,0.7535650634077135,0.7535650634077135,0,0,05/09/2021,15:55:35,47ebfeb2-fa41-4440-bc1c-4ad46ca6df5a,
support-vector-machine,../models/subject-1_support-vector-machine_20210905155649_.sav,csp,_csp_20210905113839_.sav,250,20,ledoit_wolf,1,200,boxcar,1,0.0663571311704332,0.6413070698684792,0.6413070698684792,0,0,05/09/2021,15:56:50,be7054a6-9875-4582-9b6f-c4d7fa8b2ddc,
support-vector-machine,../models/subject-1_support-vector-machine_20210905155856_.sav,csp,_csp_20210905113839_.sav,250,20,ledoit_wolf,1,200,boxcar,1,0.06445222135753811,0.6845202295364877,0.6845202295364877,0,0,05/09/2021,15:58:57,9c3e0518-7749-4c1f-a51a-da2e71d03f72,
logistic-regression,../models/subject-1_logistic-regression_20210905202914_.sav,csp,_csp_20210905113839_.sav,250,20,ledoit_wolf,1,200,boxcar,1,0.06004735069913666,0.7528851273980735,0.7528851273980735,0,0,05/09/2021,20:29:15,156657a2-d02d-4c65-9302-ca5d4ea62fff,
multi-layer-perceptron,../models/subject-1_multi-layer-perceptron_20210905203054_.sav,csp,_csp_20210905113839_.sav,250,20,ledoit_wolf,1,200,boxcar,1,0.07165032113595853,0.7371235999233389,0.7371235999233389,0,0,05/09/2021,20:30:55,54fac944-ba83-4a56-aa72-083270e0c5b5,
multi-layer-perceptron,../models/subject-1_multi-layer-perceptron_20210905203228_.sav,csp,_csp_20210905113839_.sav,250,20,ledoit_wolf,1,200,boxcar,1,0.062118847588791465,0.7473137540547211,0.7473137540547211,0,0,05/09/2021,20:32:29,680bf6ee-9b94-4976-aa5e-6e1455e2c8ee,
multi-layer-perceptron,../models/subject-1_multi-layer-perceptron_20210905203410_.sav,csp,_csp_20210905113839_.sav,250,20,ledoit_wolf,1,200,boxcar,1,0.06713574449906498,0.7469818293222742,0.7469818293222742,0,0,05/09/2021,20:34:11,e1af127a-72c1-4840-a195-ac11ade8ac4f,
multi-layer-perceptron,../models/subject-1_multi-layer-perceptron_20210905204532_.sav,csp,_csp_20210905113839_.sav,250,20,ledoit_wolf,1,200,boxcar,1,0.06347622974170551,0.7398691958762958,0.7398691958762958,0,0,05/09/2021,20:45:33,9ca07ba3-50d4-42c0-97b2-9c927776df36,
multi-layer-perceptron,../models/subject-2_multi-layer-perceptron_20210905204642_.sav,csp,_csp_20210905113839_.sav,250,20,ledoit_wolf,1,200,boxcar,2,0.0578677583642703,0.7253428574877314,0.7253428574877314,0,0,05/09/2021,20:46:43,9ca07ba3-50d4-42c0-97b2-9c927776df36,
multi-layer-perceptron,../models/subject-3_multi-layer-perceptron_20210905204725_.sav,csp,_csp_20210905113839_.sav,250,20,ledoit_wolf,1,200,boxcar,3,0.06391524184592103,0.6104665297012967,0.6104665297012967,0,0,05/09/2021,20:47:26,9ca07ba3-50d4-42c0-97b2-9c927776df36,
multi-layer-perceptron,../models/subject-4_multi-layer-perceptron_20210905204830_.sav,csp,_csp_20210905113839_.sav,250,20,ledoit_wolf,1,200,boxcar,4,0.06176702490692712,0.6469289134560404,0.6469289134560404,0,0,05/09/2021,20:48:31,9ca07ba3-50d4-42c0-97b2-9c927776df36,
multi-layer-perceptron,../models/subject-5_multi-layer-perceptron_20210905204932_.sav,csp,_csp_20210905113839_.sav,250,20,ledoit_wolf,1,200,boxcar,5,0.05899727639467131,0.6055240689568647,0.6055240689568647,0,0,05/09/2021,20:49:33,9ca07ba3-50d4-42c0-97b2-9c927776df36,
multi-layer-perceptron,../models/subject-6_multi-layer-perceptron_20210905205019_.sav,csp,_csp_20210905113839_.sav,250,20,ledoit_wolf,1,200,boxcar,6,0.05643996387753001,0.6271529396616797,0.6271529396616797,0,0,05/09/2021,20:50:20,9ca07ba3-50d4-42c0-97b2-9c927776df36,
multi-layer-perceptron,../models/subject-7_multi-layer-perceptron_20210905205139_.sav,csp,_csp_20210905113839_.sav,250,20,ledoit_wolf,1,200,boxcar,7,0.056693085531459436,0.7468311847094959,0.7468311847094959,0,0,05/09/2021,20:51:40,9ca07ba3-50d4-42c0-97b2-9c927776df36,
multi-layer-perceptron,../models/subject-8_multi-layer-perceptron_20210905205246_.sav,csp,_csp_20210905113839_.sav,250,20,ledoit_wolf,1,200,boxcar,8,0.07353028617519375,0.7349055613365422,0.7349055613365422,0,0,05/09/2021,20:52:47,9ca07ba3-50d4-42c0-97b2-9c927776df36,
multi-layer-perceptron,../models/subject-9_multi-layer-perceptron_20210905205346_.sav,csp,_csp_20210905113839_.sav,250,20,ledoit_wolf,1,200,boxcar,9,0.052356814396669143,0.6335290699990527,0.6335290699990527,0,0,05/09/2021,20:53:47,9ca07ba3-50d4-42c0-97b2-9c927776df36,
multi-layer-perceptron,../models/subject-10_multi-layer-perceptron_20210905205454_.sav,csp,_csp_20210905113839_.sav,250,20,ledoit_wolf,1,200,boxcar,10,0.05293843907056026,0.6480364222729588,0.6480364222729588,0,0,05/09/2021,20:54:55,9ca07ba3-50d4-42c0-97b2-9c927776df36,
multi-layer-perceptron,../models/subject-11_multi-layer-perceptron_20210905205542_.sav,csp,_csp_20210905113839_.sav,250,20,ledoit_wolf,1,200,boxcar,11,0.06157687885436772,0.5824877340626291,0.5824877340626291,0,0,05/09/2021,20:55:43,9ca07ba3-50d4-42c0-97b2-9c927776df36,
multi-layer-perceptron,../models/subject-12_multi-layer-perceptron_20210905205629_.sav,csp,_csp_20210905113839_.sav,250,20,ledoit_wolf,1,200,boxcar,12,0.055091461979639385,0.5883565119411763,0.5883565119411763,0,0,05/09/2021,20:56:30,9ca07ba3-50d4-42c0-97b2-9c927776df36,
multi-layer-perceptron,../models/subject-1_multi-layer-perceptron_20210905210530_.sav,csp,_csp_20210905113839_.sav,250,20,ledoit_wolf,1,200,boxcar,1,0.05638872973603951,0.7335798938121784,0.7335798938121784,0,0,05/09/2021,21:05:31,08de34a4-5991-4063-a61d-eed857753ae5,
logistic-regression,../models/subject-1_logistic-regression_20210905210903_.sav,csp,_csp_20210905113839_.sav,250,20,ledoit_wolf,1,200,boxcar,1,0.06004735069913666,0.7528851273980735,0.7528851273980735,0,0,05/09/2021,21:09:03,2b431bda-0dc2-4731-8249-91d4b5f026e7,
logistic-regression,../models/subject-1_logistic-regression_20210905210959_.sav,csp,_csp_20210905113839_.sav,250,20,ledoit_wolf,1,200,boxcar,1,0.06004735069913666,0.7528851273980735,0.7528851273980735,0,0,05/09/2021,21:10:00,6f610af0-d51b-44f0-9b7e-ef601dea2a85,
logistic-regression,../models/subject-2_logistic-regression_20210905211026_.sav,csp,_csp_20210905113839_.sav,250,20,ledoit_wolf,1,200,boxcar,2,0.05499200260910841,0.7341711683234974,0.7341711683234974,0,0,05/09/2021,21:10:27,6f610af0-d51b-44f0-9b7e-ef601dea2a85,
logistic-regression,../models/subject-3_logistic-regression_20210905211043_.sav,csp,_csp_20210905113839_.sav,250,20,ledoit_wolf,1,200,boxcar,3,0.06847603482451091,0.6072340596502364,0.6072340596502364,0,0,05/09/2021,21:10:44,6f610af0-d51b-44f0-9b7e-ef601dea2a85,
logistic-regression,../models/subject-4_logistic-regression_20210905211101_.sav,csp,_csp_20210905113839_.sav,250,20,ledoit_wolf,1,200,boxcar,4,0.06282819593341353,0.6455760893525931,0.6455760893525931,0,0,05/09/2021,21:11:01,6f610af0-d51b-44f0-9b7e-ef601dea2a85,
logistic-regression,../models/subject-5_logistic-regression_20210905211122_.sav,csp,_csp_20210905113839_.sav,250,20,ledoit_wolf,1,200,boxcar,5,0.05859325798450472,0.6128199514106791,0.6128199514106791,0,0,05/09/2021,21:11:23,6f610af0-d51b-44f0-9b7e-ef601dea2a85,
logistic-regression,../models/subject-6_logistic-regression_20210905211141_.sav,csp,_csp_20210905113839_.sav,250,20,ledoit_wolf,1,200,boxcar,6,0.05521764670283134,0.6395284633456352,0.6395284633456352,0,0,05/09/2021,21:11:42,6f610af0-d51b-44f0-9b7e-ef601dea2a85,
logistic-regression,../models/subject-7_logistic-regression_20210905211207_.sav,csp,_csp_20210905113839_.sav,250,20,ledoit_wolf,1,200,boxcar,7,0.055789399430977916,0.7349709350419008,0.7349709350419008,0,0,05/09/2021,21:12:07,6f610af0-d51b-44f0-9b7e-ef601dea2a85,
logistic-regression,../models/subject-8_logistic-regression_20210905211223_.sav,csp,_csp_20210905113839_.sav,250,20,ledoit_wolf,1,200,boxcar,8,0.06638638074100195,0.6982219058470903,0.6982219058470903,0,0,05/09/2021,21:12:24,6f610af0-d51b-44f0-9b7e-ef601dea2a85,
logistic-regression,../models/subject-9_logistic-regression_20210905211242_.sav,csp,_csp_20210905113839_.sav,250,20,ledoit_wolf,1,200,boxcar,9,0.053602745353234026,0.5960734581482859,0.5960734581482859,0,0,05/09/2021,21:12:43,6f610af0-d51b-44f0-9b7e-ef601dea2a85,
logistic-regression,../models/subject-10_logistic-regression_20210905211301_.sav,csp,_csp_20210905113839_.sav,250,20,ledoit_wolf,1,200,boxcar,10,0.06267042927662404,0.6538226911459626,0.6538226911459626,0,0,05/09/2021,21:13:02,6f610af0-d51b-44f0-9b7e-ef601dea2a85,
logistic-regression,../models/subject-11_logistic-regression_20210905211320_.sav,csp,_csp_20210905113839_.sav,250,20,ledoit_wolf,1,200,boxcar,11,0.06011381327048413,0.5725831237680498,0.5725831237680498,0,0,05/09/2021,21:13:21,6f610af0-d51b-44f0-9b7e-ef601dea2a85,
logistic-regression,../models/subject-12_logistic-regression_20210905211341_.sav,csp,_csp_20210905113839_.sav,250,20,ledoit_wolf,1,200,boxcar,12,0.048780333277397336,0.5912578168716399,0.5912578168716399,0,0,05/09/2021,21:13:42,6f610af0-d51b-44f0-9b7e-ef601dea2a85,
logistic-regression,../models/subject-1_logistic-regression_20210905211543_.sav,csp,_csp_20210905113839_.sav,250,20,ledoit_wolf,1,200,boxcar,1,0.06288587906748332,0.6623831630846869,0.6623831630846869,0,0,05/09/2021,21:15:44,2d5e4f80-4e1c-48e3-b4a0-8b694cfe4aef,
logistic-regression,../models/subject-2_logistic-regression_20210905211605_.sav,csp,_csp_20210905113839_.sav,250,20,ledoit_wolf,1,200,boxcar,2,0.03913022610528663,0.6735229811809199,0.6735229811809199,0,0,05/09/2021,21:16:06,2d5e4f80-4e1c-48e3-b4a0-8b694cfe4aef,
logistic-regression,../models/subject-3_logistic-regression_20210905211622_.sav,csp,_csp_20210905113839_.sav,250,20,ledoit_wolf,1,200,boxcar,3,0.04965811418367239,0.5691303145258977,0.5691303145258977,0,0,05/09/2021,21:16:23,2d5e4f80-4e1c-48e3-b4a0-8b694cfe4aef,
logistic-regression,../models/subject-4_logistic-regression_20210905211638_.sav,csp,_csp_20210905113839_.sav,250,20,ledoit_wolf,1,200,boxcar,4,0.05711455974919328,0.5110789855461674,0.5110789855461674,0,0,05/09/2021,21:16:39,2d5e4f80-4e1c-48e3-b4a0-8b694cfe4aef,
logistic-regression,../models/subject-5_logistic-regression_20210905211657_.sav,csp,_csp_20210905113839_.sav,250,20,ledoit_wolf,1,200,boxcar,5,0.0527623661222473,0.533033817135527,0.533033817135527,0,0,05/09/2021,21:16:57,2d5e4f80-4e1c-48e3-b4a0-8b694cfe4aef,
logistic-regression,../models/subject-6_logistic-regression_20210905211714_.sav,csp,_csp_20210905113839_.sav,250,20,ledoit_wolf,1,200,boxcar,6,0.05162279268172223,0.5325752207407767,0.5325752207407767,0,0,05/09/2021,21:17:15,2d5e4f80-4e1c-48e3-b4a0-8b694cfe4aef,
logistic-regression,../models/subject-7_logistic-regression_20210905211733_.sav,csp,_csp_20210905113839_.sav,250,20,ledoit_wolf,1,200,boxcar,7,0.04124954283052168,0.5462767576727585,0.5462767576727585,0,0,05/09/2021,21:17:34,2d5e4f80-4e1c-48e3-b4a0-8b694cfe4aef,
logistic-regression,../models/subject-8_logistic-regression_20210905211750_.sav,csp,_csp_20210905113839_.sav,250,20,ledoit_wolf,1,200,boxcar,8,0.04638866331201625,0.5332056103307465,0.5332056103307465,0,0,05/09/2021,21:17:50,2d5e4f80-4e1c-48e3-b4a0-8b694cfe4aef,
logistic-regression,../models/subject-9_logistic-regression_20210905211808_.sav,csp,_csp_20210905113839_.sav,250,20,ledoit_wolf,1,200,boxcar,9,0.04755347813122227,0.4652431384938025,0.4652431384938025,0,0,05/09/2021,21:18:09,2d5e4f80-4e1c-48e3-b4a0-8b694cfe4aef,
logistic-regression,../models/subject-10_logistic-regression_20210905211827_.sav,csp,_csp_20210905113839_.sav,250,20,ledoit_wolf,1,200,boxcar,10,0.04821523541572398,0.5414038574412935,0.5414038574412935,0,0,05/09/2021,21:18:27,2d5e4f80-4e1c-48e3-b4a0-8b694cfe4aef,
logistic-regression,../models/subject-11_logistic-regression_20210905211845_.sav,csp,_csp_20210905113839_.sav,250,20,ledoit_wolf,1,200,boxcar,11,0.04619573436576341,0.4779207751909513,0.4779207751909513,0,0,05/09/2021,21:18:46,2d5e4f80-4e1c-48e3-b4a0-8b694cfe4aef,
logistic-regression,../models/subject-12_logistic-regression_20210905211906_.sav,csp,_csp_20210905113839_.sav,250,20,ledoit_wolf,1,200,boxcar,12,0.03785663421452622,0.5561495906085941,0.5561495906085941,0,0,05/09/2021,21:19:07,2d5e4f80-4e1c-48e3-b4a0-8b694cfe4aef,
logistic-regression,../models/subject-1_logistic-regression_20210906140541_.sav,csp,,250,20,ledoit_wolf,1,200,boxcar,1,0.06452807243460511,0.7592229019472736,0.7592229019472736,0,0,06/09/2021,14:05:42,4c3d7b2b-9bad-4ced-9450-40bdaa01e4b6,
logistic-regression,../models/subject-1_logistic-regression_20210906140631_.sav,csp,,250,20,ledoit_wolf,1,200,boxcar,1,0.06452807243460511,0.7592229019472736,0.7592229019472736,0,0,06/09/2021,14:06:32,66359038-0166-47b3-ac8d-a3d20128f3c1,
logistic-regression,../models/subject-2_logistic-regression_20210906140826_.sav,csp,,250,20,ledoit_wolf,1,200,boxcar,2,0.05119016963821596,0.7447472251721865,0.7447472251721865,0,0,06/09/2021,14:08:27,66359038-0166-47b3-ac8d-a3d20128f3c1,
logistic-regression,../models/subject-3_logistic-regression_20210906140954_.sav,csp,,250,20,ledoit_wolf,1,200,boxcar,3,0.062126671616071376,0.6141883300911234,0.6141883300911234,0,0,06/09/2021,14:09:55,66359038-0166-47b3-ac8d-a3d20128f3c1,
logistic-regression,../models/subject-4_logistic-regression_20210906141114_.sav,csp,,250,20,ledoit_wolf,1,200,boxcar,4,0.06078591009420586,0.7415168006082761,0.7415168006082761,0,0,06/09/2021,14:11:15,66359038-0166-47b3-ac8d-a3d20128f3c1,
logistic-regression,../models/subject-5_logistic-regression_20210906141246_.sav,csp,,250,20,ledoit_wolf,1,200,boxcar,5,0.0554293009478034,0.5765629822339319,0.5765629822339319,0,0,06/09/2021,14:12:47,66359038-0166-47b3-ac8d-a3d20128f3c1,
logistic-regression,../models/subject-6_logistic-regression_20210906141416_.sav,csp,,250,20,ledoit_wolf,1,200,boxcar,6,0.054426175181905956,0.649438525011622,0.649438525011622,0,0,06/09/2021,14:14:16,66359038-0166-47b3-ac8d-a3d20128f3c1,
logistic-regression,../models/subject-7_logistic-regression_20210906141543_.sav,csp,,250,20,ledoit_wolf,1,200,boxcar,7,0.0541468251205941,0.7360464822633283,0.7360464822633283,0,0,06/09/2021,14:15:44,66359038-0166-47b3-ac8d-a3d20128f3c1,
logistic-regression,../models/subject-8_logistic-regression_20210906141659_.sav,csp,,250,20,ledoit_wolf,1,200,boxcar,8,0.07031028992808817,0.7110918146997444,0.7110918146997444,0,0,06/09/2021,14:17:00,66359038-0166-47b3-ac8d-a3d20128f3c1,
logistic-regression,../models/subject-9_logistic-regression_20210906141839_.sav,csp,,250,20,ledoit_wolf,1,200,boxcar,9,0.055367496969226736,0.6174675592303908,0.6174675592303908,0,0,06/09/2021,14:18:40,66359038-0166-47b3-ac8d-a3d20128f3c1,
logistic-regression,../models/subject-10_logistic-regression_20210906142000_.sav,csp,,250,20,ledoit_wolf,1,200,boxcar,10,0.0592725665803665,0.6824304291775823,0.6824304291775823,0,0,06/09/2021,14:20:01,66359038-0166-47b3-ac8d-a3d20128f3c1,
logistic-regression,../models/subject-11_logistic-regression_20210906142132_.sav,csp,,250,20,ledoit_wolf,1,200,boxcar,11,0.05711485126758261,0.6580513072072497,0.6580513072072497,0,0,06/09/2021,14:21:33,66359038-0166-47b3-ac8d-a3d20128f3c1,
logistic-regression,../models/subject-12_logistic-regression_20210906142317_.sav,csp,,250,20,ledoit_wolf,1,200,boxcar,12,0.048890096306435205,0.6307813220846062,0.6307813220846062,0,0,06/09/2021,14:23:18,66359038-0166-47b3-ac8d-a3d20128f3c1,
support-vector-machine,../models/subject-1_support-vector-machine_20210906142932_.sav,csp,,250,20,ledoit_wolf,1,200,boxcar,1,0.06292126055941387,0.7102797730724638,0.7102797730724638,0,0,06/09/2021,14:29:33,2bd9eb72-e979-4420-a4c3-932b972552e3,
support-vector-machine,../models/subject-2_support-vector-machine_20210906143116_.sav,csp,,250,20,ledoit_wolf,1,200,boxcar,2,0.051989306405070414,0.6919765762680278,0.6919765762680278,0,0,06/09/2021,14:31:17,2bd9eb72-e979-4420-a4c3-932b972552e3,
support-vector-machine,../models/subject-3_support-vector-machine_20210906143231_.sav,csp,,250,20,ledoit_wolf,1,200,boxcar,3,0.0676291755254556,0.5726085319209222,0.5726085319209222,0,0,06/09/2021,14:32:32,2bd9eb72-e979-4420-a4c3-932b972552e3,
support-vector-machine,../models/subject-4_support-vector-machine_20210906143336_.sav,csp,,250,20,ledoit_wolf,1,200,boxcar,4,0.06212676058956514,0.7046125599072592,0.7046125599072592,0,0,06/09/2021,14:33:37,2bd9eb72-e979-4420-a4c3-932b972552e3,
support-vector-machine,../models/subject-5_support-vector-machine_20210906143504_.sav,csp,,250,20,ledoit_wolf,1,200,boxcar,5,0.0592665569797173,0.5443972050895532,0.5443972050895532,0,0,06/09/2021,14:35:05,2bd9eb72-e979-4420-a4c3-932b972552e3,
support-vector-machine,../models/subject-6_support-vector-machine_20210906143623_.sav,csp,,250,20,ledoit_wolf,1,200,boxcar,6,0.05704626765873586,0.6075219473451688,0.6075219473451688,0,0,06/09/2021,14:36:24,2bd9eb72-e979-4420-a4c3-932b972552e3,
support-vector-machine,../models/subject-7_support-vector-machine_20210906143737_.sav,csp,,250,20,ledoit_wolf,1,200,boxcar,7,0.053962276388641366,0.6914892134466532,0.6914892134466532,0,0,06/09/2021,14:37:38,2bd9eb72-e979-4420-a4c3-932b972552e3,
support-vector-machine,../models/subject-8_support-vector-machine_20210906143846_.sav,csp,,250,20,ledoit_wolf,1,200,boxcar,8,0.06589576880643579,0.6708350540350599,0.6708350540350599,0,0,06/09/2021,14:38:47,2bd9eb72-e979-4420-a4c3-932b972552e3,
support-vector-machine,../models/subject-9_support-vector-machine_20210906144027_.sav,csp,,250,20,ledoit_wolf,1,200,boxcar,9,0.059775087443346885,0.5640137334789682,0.5640137334789682,0,0,06/09/2021,14:40:28,2bd9eb72-e979-4420-a4c3-932b972552e3,
support-vector-machine,../models/subject-10_support-vector-machine_20210906144154_.sav,csp,,250,20,ledoit_wolf,1,200,boxcar,10,0.06113323178083518,0.6450851710295983,0.6450851710295983,0,0,06/09/2021,14:41:55,2bd9eb72-e979-4420-a4c3-932b972552e3,
support-vector-machine,../models/subject-11_support-vector-machine_20210906144343_.sav,csp,,250,20,ledoit_wolf,1,200,boxcar,11,0.05667894707792367,0.5736627610042074,0.5736627610042074,0,0,06/09/2021,14:43:44,2bd9eb72-e979-4420-a4c3-932b972552e3,
support-vector-machine,../models/subject-12_support-vector-machine_20210906144534_.sav,csp,,250,20,ledoit_wolf,1,200,boxcar,12,0.051437078287311144,0.573762128566144,0.573762128566144,0,0,06/09/2021,14:45:36,2bd9eb72-e979-4420-a4c3-932b972552e3,
support-vector-machine,../models/subject-2_support-vector-machine_20210906145017_.sav,csp,,250,20,ledoit_wolf,1,200,boxcar,2,0.05191962278909926,0.6919814618150527,0.6919814618150527,0,0,06/09/2021,14:50:18,09faa36b-033e-41de-960c-398916c24c9a,
support-vector-machine,../models/subject-3_support-vector-machine_20210906145151_.sav,csp,,250,20,ledoit_wolf,1,200,boxcar,3,0.06751671773415563,0.5726169804690322,0.5726169804690322,0,0,06/09/2021,14:51:51,f11cfa31-aedf-433c-baf2-4eb95b10224a,
support-vector-machine,../models/subject-4_support-vector-machine_20210906145321_.sav,csp,,250,20,ledoit_wolf,1,200,boxcar,4,0.06229839573785584,0.7046137579125697,0.7046137579125697,0,0,06/09/2021,14:53:22,da643fed-8b26-4fcf-ae22-34425434329c,
support-vector-machine,../models/subject-4_support-vector-machine_20210913165252_.sav,csp,,250,20,ledoit_wolf,1,200,boxcar,4,0.06217274002221355,0.7046070146742712,0.7046070146742712,0,0,13/09/2021,16:52:53,b86b9b63-7cf1-4870-9330-10645c5d4447,
linear-discriminant-analysis,../models/subject-1_linear-discriminant-analysis_20210913174806_.sav,csp,../extractors/_csp_20210913174803_.sav,250,20,ledoit_wolf,5,200,boxcar,1,0.06339032317368272,0.6824458403791039,0.6824458403791039,0,0,13/09/2021,17:48:06,a5560d4c-10a6-4e65-8bee-afbf6b229410,
linear-discriminant-analysis,../models/subject-2_linear-discriminant-analysis_20210913174840_.sav,csp,../extractors/_csp_20210913174837_.sav,250,20,ledoit_wolf,5,200,boxcar,2,0.052208628584143206,0.7007812245544427,0.7007812245544427,0,0,13/09/2021,17:48:40,a5560d4c-10a6-4e65-8bee-afbf6b229410,
linear-discriminant-analysis,../models/subject-3_linear-discriminant-analysis_20210913174907_.sav,csp,../extractors/_csp_20210913174905_.sav,250,20,ledoit_wolf,5,200,boxcar,3,0.06635778255190695,0.602725367505,0.602725367505,0,0,13/09/2021,17:49:07,a5560d4c-10a6-4e65-8bee-afbf6b229410,
linear-discriminant-analysis,../models/subject-4_linear-discriminant-analysis_20210913174938_.sav,csp,../extractors/_csp_20210913174935_.sav,250,20,ledoit_wolf,5,200,boxcar,4,0.059563784579519295,0.729421336439615,0.729421336439615,0,0,13/09/2021,17:49:38,a5560d4c-10a6-4e65-8bee-afbf6b229410,
linear-discriminant-analysis,../models/subject-5_linear-discriminant-analysis_20210913175009_.sav,csp,../extractors/_csp_20210913175006_.sav,250,20,ledoit_wolf,5,200,boxcar,5,0.055841953454467526,0.5609349543328473,0.5609349543328473,0,0,13/09/2021,17:50:10,a5560d4c-10a6-4e65-8bee-afbf6b229410,
linear-discriminant-analysis,../models/subject-6_linear-discriminant-analysis_20210913175041_.sav,csp,../extractors/_csp_20210913175037_.sav,250,20,ledoit_wolf,5,200,boxcar,6,0.054468008880895556,0.6236590798640248,0.6236590798640248,0,0,13/09/2021,17:50:41,a5560d4c-10a6-4e65-8bee-afbf6b229410,
linear-discriminant-analysis,../models/subject-7_linear-discriminant-analysis_20210913175115_.sav,csp,../extractors/_csp_20210913175111_.sav,250,20,ledoit_wolf,5,200,boxcar,7,0.05292595346350559,0.70387881061627,0.70387881061627,0,0,13/09/2021,17:51:15,a5560d4c-10a6-4e65-8bee-afbf6b229410,
linear-discriminant-analysis,../models/subject-8_linear-discriminant-analysis_20210913175144_.sav,csp,../extractors/_csp_20210913175141_.sav,250,20,ledoit_wolf,5,200,boxcar,8,0.06831351816471136,0.7028575935661602,0.7028575935661602,0,0,13/09/2021,17:51:44,a5560d4c-10a6-4e65-8bee-afbf6b229410,
linear-discriminant-analysis,../models/subject-9_linear-discriminant-analysis_20210913175217_.sav,csp,../extractors/_csp_20210913175214_.sav,250,20,ledoit_wolf,5,200,boxcar,9,0.05611181808314213,0.5918337138413273,0.5918337138413273,0,0,13/09/2021,17:52:17,a5560d4c-10a6-4e65-8bee-afbf6b229410,
linear-discriminant-analysis,../models/subject-10_linear-discriminant-analysis_20210913175246_.sav,csp,../extractors/_csp_20210913175244_.sav,250,20,ledoit_wolf,5,200,boxcar,10,0.05790967301662253,0.6016942534031308,0.6016942534031308,0,0,13/09/2021,17:52:47,a5560d4c-10a6-4e65-8bee-afbf6b229410,
linear-discriminant-analysis,../models/subject-11_linear-discriminant-analysis_20210913175317_.sav,csp,../extractors/_csp_20210913175314_.sav,250,20,ledoit_wolf,5,200,boxcar,11,0.05619871978642707,0.6870439790372487,0.6870439790372487,0,0,13/09/2021,17:53:17,a5560d4c-10a6-4e65-8bee-afbf6b229410,
linear-discriminant-analysis,../models/subject-12_linear-discriminant-analysis_20210913175347_.sav,csp,../extractors/_csp_20210913175343_.sav,250,20,ledoit_wolf,5,200,boxcar,12,0.04849281480382967,0.6315505885752484,0.6315505885752484,0,0,13/09/2021,17:53:47,a5560d4c-10a6-4e65-8bee-afbf6b229410,
linear-discriminant-analysis,../models/subject-1_linear-discriminant-analysis_20210913180841_.sav,csp,../extractors/_csp_20210913180831_.sav,250,20,ledoit_wolf,5,200,boxcar,1,0.06563513309888348,0.6637244797740769,0.6637244797740769,0,0,13/09/2021,18:08:41,4ef583c0-c1c3-49fb-b3fb-f72bf287ce5c,[1]
linear-discriminant-analysis,../models/subject-1_linear-discriminant-analysis_20210913181114_.sav,csp,../extractors/_csp_20210913181057_.sav,250,20,ledoit_wolf,5,200,boxcar,1,0.06563513309888348,0.6637244797740769,0.6637244797740769,0,0,13/09/2021,18:11:14,67a2568f-2047-45ec-9fe3-6ff7a41ab862,[1]
linear-discriminant-analysis,../models/subject-1_linear-discriminant-analysis_20210913181140_.sav,csp,../extractors/_csp_20210913181135_.sav,250,20,ledoit_wolf,5,200,boxcar,1,0.042481900572796216,0.7082340984502503,0.7082340984502503,0,0,13/09/2021,18:11:41,67a2568f-2047-45ec-9fe3-6ff7a41ab862,[2]
linear-discriminant-analysis,../models/subject-1_linear-discriminant-analysis_20210913181229_.sav,csp,../extractors/_csp_20210913181226_.sav,250,20,ledoit_wolf,5,200,boxcar,1,0.039943050926727786,0.7029576713440647,0.7029576713440647,0,0,13/09/2021,18:12:30,67a2568f-2047-45ec-9fe3-6ff7a41ab862,[3]
linear-discriminant-analysis,../models/subject-1_linear-discriminant-analysis_20210913181255_.sav,csp,../extractors/_csp_20210913181252_.sav,250,20,ledoit_wolf,5,200,boxcar,1,0.06215587590331717,0.651866224340495,0.651866224340495,0,0,13/09/2021,18:12:55,67a2568f-2047-45ec-9fe3-6ff7a41ab862,[4]
linear-discriminant-analysis,../models/subject-1_linear-discriminant-analysis_20210913181320_.sav,csp,../extractors/_csp_20210913181317_.sav,250,20,ledoit_wolf,5,200,boxcar,1,0.04027486481957775,0.7241479781365053,0.7241479781365053,0,0,13/09/2021,18:13:21,67a2568f-2047-45ec-9fe3-6ff7a41ab862,[5]
linear-discriminant-analysis,../models/subject-1_linear-discriminant-analysis_20210913181343_.sav,csp,../extractors/_csp_20210913181340_.sav,250,20,ledoit_wolf,5,200,boxcar,1,0.03836838888377033,0.7373965489420695,0.7373965489420695,0,0,13/09/2021,18:13:44,67a2568f-2047-45ec-9fe3-6ff7a41ab862,[6]
linear-discriminant-analysis,../models/subject-1_linear-discriminant-analysis_20210913181407_.sav,csp,../extractors/_csp_20210913181403_.sav,250,20,ledoit_wolf,5,200,boxcar,1,0.05990731170191393,0.6558305079282363,0.6558305079282363,0,0,13/09/2021,18:14:07,67a2568f-2047-45ec-9fe3-6ff7a41ab862,[7]
linear-discriminant-analysis,../models/subject-1_linear-discriminant-analysis_20210913181429_.sav,csp,../extractors/_csp_20210913181427_.sav,250,20,ledoit_wolf,5,200,boxcar,1,0.06339032317368272,0.6824458403791039,0.6824458403791039,0,0,13/09/2021,18:14:30,67a2568f-2047-45ec-9fe3-6ff7a41ab862,[8]
linear-discriminant-analysis,../models/subject-2_linear-discriminant-analysis_20210913182142_.sav,csp,../extractors/_csp_20210913182139_.sav,250,20,ledoit_wolf,5,200,boxcar,2,0.03147591500256125,0.7591237959943856,0.7591237959943856,0,0,13/09/2021,18:21:43,101f52ff-3cf9-41c2-a99c-0e12982fdaac,[1]
linear-discriminant-analysis,../models/subject-3_linear-discriminant-analysis_20210913182211_.sav,csp,../extractors/_csp_20210913182209_.sav,250,20,ledoit_wolf,5,200,boxcar,3,0.0668008638132976,0.5690284343738121,0.5690284343738121,0,0,13/09/2021,18:22:12,101f52ff-3cf9-41c2-a99c-0e12982fdaac,[1]
linear-discriminant-analysis,../models/subject-4_linear-discriminant-analysis_20210913182239_.sav,csp,../extractors/_csp_20210913182235_.sav,250,20,ledoit_wolf,5,200,boxcar,4,0.047991854410605224,0.7502859185524442,0.7502859185524442,0,0,13/09/2021,18:22:40,101f52ff-3cf9-41c2-a99c-0e12982fdaac,[1]
linear-discriminant-analysis,../models/subject-5_linear-discriminant-analysis_20210913182307_.sav,csp,../extractors/_csp_20210913182304_.sav,250,20,ledoit_wolf,5,200,boxcar,5,0.04209631701771633,0.6821883091297986,0.6821883091297986,0,0,13/09/2021,18:23:08,101f52ff-3cf9-41c2-a99c-0e12982fdaac,[1]
linear-discriminant-analysis,../models/subject-6_linear-discriminant-analysis_20210913182337_.sav,csp,../extractors/_csp_20210913182334_.sav,250,20,ledoit_wolf,5,200,boxcar,6,0.05500892134544578,0.5977988477044565,0.5977988477044565,0,0,13/09/2021,18:23:38,101f52ff-3cf9-41c2-a99c-0e12982fdaac,[1]
linear-discriminant-analysis,../models/subject-7_linear-discriminant-analysis_20210913182409_.sav,csp,../extractors/_csp_20210913182405_.sav,250,20,ledoit_wolf,5,200,boxcar,7,0.03376837405372372,0.7158191005711361,0.7158191005711361,0,0,13/09/2021,18:24:10,101f52ff-3cf9-41c2-a99c-0e12982fdaac,[1]
linear-discriminant-analysis,../models/subject-8_linear-discriminant-analysis_20210913182437_.sav,csp,../extractors/_csp_20210913182434_.sav,250,20,ledoit_wolf,5,200,boxcar,8,0.04165220653973025,0.7522780178184169,0.7522780178184169,0,0,13/09/2021,18:24:38,101f52ff-3cf9-41c2-a99c-0e12982fdaac,[1]
linear-discriminant-analysis,../models/subject-2_linear-discriminant-analysis_20210913182537_.sav,csp,,250,20,ledoit_wolf,5,200,boxcar,2,0.03147591500256125,0.7591237959943856,0.7591237959943856,0,0,13/09/2021,18:25:38,e408c4ac-0f82-4e8e-8566-56f86a2c993f,[1]
linear-discriminant-analysis,../models/subject-2_linear-discriminant-analysis_20210913182607_.sav,csp,../extractors/_csp_20210913182602_.sav,250,20,ledoit_wolf,5,200,boxcar,2,0.03263220712793874,0.3463026142262359,0.3463026142262359,0,0,13/09/2021,18:26:08,e408c4ac-0f82-4e8e-8566-56f86a2c993f,[2]
linear-discriminant-analysis,../models/subject-2_linear-discriminant-analysis_20210913182633_.sav,csp,../extractors/_csp_20210913182630_.sav,250,20,ledoit_wolf,5,200,boxcar,2,0.0532190868843631,0.691813896585986,0.691813896585986,0,0,13/09/2021,18:26:34,e408c4ac-0f82-4e8e-8566-56f86a2c993f,[3]
linear-discriminant-analysis,../models/subject-2_linear-discriminant-analysis_20210913182657_.sav,csp,../extractors/_csp_20210913182652_.sav,250,20,ledoit_wolf,5,200,boxcar,2,0.034286563413174126,0.7741660858230786,0.7741660858230786,0,0,13/09/2021,18:26:58,e408c4ac-0f82-4e8e-8566-56f86a2c993f,[4]
linear-discriminant-analysis,../models/subject-2_linear-discriminant-analysis_20210913182720_.sav,csp,../extractors/_csp_20210913182717_.sav,250,20,ledoit_wolf,5,200,boxcar,2,0.05472860296296256,0.6874326889528537,0.6874326889528537,0,0,13/09/2021,18:27:21,e408c4ac-0f82-4e8e-8566-56f86a2c993f,[5]
linear-discriminant-analysis,../models/subject-2_linear-discriminant-analysis_20210913182744_.sav,csp,../extractors/_csp_20210913182740_.sav,250,20,ledoit_wolf,5,200,boxcar,2,0.03595569596623447,0.7873793746807082,0.7873793746807082,0,0,13/09/2021,18:27:45,e408c4ac-0f82-4e8e-8566-56f86a2c993f,[6]
linear-discriminant-analysis,../models/subject-2_linear-discriminant-analysis_20210913182806_.sav,csp,../extractors/_csp_20210913182802_.sav,250,20,ledoit_wolf,5,200,boxcar,2,0.051898593654262644,0.6902824273513932,0.6902824273513932,0,0,13/09/2021,18:28:07,e408c4ac-0f82-4e8e-8566-56f86a2c993f,[7]
linear-discriminant-analysis,../models/subject-2_linear-discriminant-analysis_20210913182828_.sav,csp,../extractors/_csp_20210913182824_.sav,250,20,ledoit_wolf,5,200,boxcar,2,0.052208628584143206,0.7007812245544427,0.7007812245544427,0,0,13/09/2021,18:28:28,e408c4ac-0f82-4e8e-8566-56f86a2c993f,[8]
linear-discriminant-analysis,../models/subject-3_linear-discriminant-analysis_20210913182830_.sav,csp,,250,20,ledoit_wolf,5,200,boxcar,3,0.0668008638132976,0.5690284343738121,0.5690284343738121,0,0,13/09/2021,18:28:30,e408c4ac-0f82-4e8e-8566-56f86a2c993f,[1]
linear-discriminant-analysis,../models/subject-3_linear-discriminant-analysis_20210913182853_.sav,csp,../extractors/_csp_20210913182850_.sav,250,20,ledoit_wolf,5,200,boxcar,3,0.043658728055114816,0.6632636227049921,0.6632636227049921,0,0,13/09/2021,18:28:54,e408c4ac-0f82-4e8e-8566-56f86a2c993f,[2]
linear-discriminant-analysis,../models/subject-3_linear-discriminant-analysis_20210913182914_.sav,csp,../extractors/_csp_20210913182911_.sav,250,20,ledoit_wolf,5,200,boxcar,3,0.04333055242416031,0.7085509921054919,0.7085509921054919,0,0,13/09/2021,18:29:15,e408c4ac-0f82-4e8e-8566-56f86a2c993f,[3]
linear-discriminant-analysis,../models/subject-3_linear-discriminant-analysis_20210913182935_.sav,csp,../extractors/_csp_20210913182932_.sav,250,20,ledoit_wolf,5,200,boxcar,3,0.044545801971122734,0.7007415818084285,0.7007415818084285,0,0,13/09/2021,18:29:36,e408c4ac-0f82-4e8e-8566-56f86a2c993f,[4]
linear-discriminant-analysis,../models/subject-3_linear-discriminant-analysis_20210913182957_.sav,csp,../extractors/_csp_20210913182953_.sav,250,20,ledoit_wolf,5,200,boxcar,3,0.03933603749347123,0.7233034889384551,0.7233034889384551,0,0,13/09/2021,18:29:57,e408c4ac-0f82-4e8e-8566-56f86a2c993f,[5]
linear-discriminant-analysis,../models/subject-3_linear-discriminant-analysis_20210913183017_.sav,csp,../extractors/_csp_20210913183015_.sav,250,20,ledoit_wolf,5,200,boxcar,3,0.06622564840062095,0.5994675507145132,0.5994675507145132,0,0,13/09/2021,18:30:17,e408c4ac-0f82-4e8e-8566-56f86a2c993f,[6]
linear-discriminant-analysis,../models/subject-3_linear-discriminant-analysis_20210913183037_.sav,csp,../extractors/_csp_20210913183035_.sav,250,20,ledoit_wolf,5,200,boxcar,3,0.06561296424543167,0.6098650253313364,0.6098650253313364,0,0,13/09/2021,18:30:38,e408c4ac-0f82-4e8e-8566-56f86a2c993f,[7]
linear-discriminant-analysis,../models/subject-3_linear-discriminant-analysis_20210913183058_.sav,csp,../extractors/_csp_20210913183055_.sav,250,20,ledoit_wolf,5,200,boxcar,3,0.06635778255190695,0.602725367505,0.602725367505,0,0,13/09/2021,18:30:58,e408c4ac-0f82-4e8e-8566-56f86a2c993f,[8]
linear-discriminant-analysis,../models/subject-4_linear-discriminant-analysis_20210913183100_.sav,csp,,250,20,ledoit_wolf,5,200,boxcar,4,0.047991854410605224,0.7502859185524442,0.7502859185524442,0,0,13/09/2021,18:31:01,e408c4ac-0f82-4e8e-8566-56f86a2c993f,[1]
linear-discriminant-analysis,../models/subject-4_linear-discriminant-analysis_20210913183125_.sav,csp,../extractors/_csp_20210913183122_.sav,250,20,ledoit_wolf,5,200,boxcar,4,0.043974974401775106,0.7745953950217509,0.7745953950217509,0,0,13/09/2021,18:31:26,e408c4ac-0f82-4e8e-8566-56f86a2c993f,[2]
linear-discriminant-analysis,../models/subject-4_linear-discriminant-analysis_20210913183147_.sav,csp,../extractors/_csp_20210913183144_.sav,250,20,ledoit_wolf,5,200,boxcar,4,0.059999608680928095,0.7151128872372556,0.7151128872372556,0,0,13/09/2021,18:31:48,e408c4ac-0f82-4e8e-8566-56f86a2c993f,[3]
linear-discriminant-analysis,../models/subject-4_linear-discriminant-analysis_20210913183209_.sav,csp,../extractors/_csp_20210913183206_.sav,250,20,ledoit_wolf,5,200,boxcar,4,0.03664678601121213,0.8245375609369896,0.8245375609369896,0,0,13/09/2021,18:32:09,e408c4ac-0f82-4e8e-8566-56f86a2c993f,[4]
linear-discriminant-analysis,../models/subject-4_linear-discriminant-analysis_20210913183231_.sav,csp,../extractors/_csp_20210913183228_.sav,250,20,ledoit_wolf,5,200,boxcar,4,0.06355333031620192,0.7086288543078411,0.7086288543078411,0,0,13/09/2021,18:32:31,e408c4ac-0f82-4e8e-8566-56f86a2c993f,[5]
linear-discriminant-analysis,../models/subject-4_linear-discriminant-analysis_20210913183252_.sav,csp,../extractors/_csp_20210913183249_.sav,250,20,ledoit_wolf,5,200,boxcar,4,0.035398815597025436,0.8040021477538598,0.8040021477538598,0,0,13/09/2021,18:32:53,e408c4ac-0f82-4e8e-8566-56f86a2c993f,[6]
linear-discriminant-analysis,../models/subject-4_linear-discriminant-analysis_20210913183313_.sav,csp,../extractors/_csp_20210913183311_.sav,250,20,ledoit_wolf,5,200,boxcar,4,0.0639959258255493,0.7091696507862707,0.7091696507862707,0,0,13/09/2021,18:33:14,e408c4ac-0f82-4e8e-8566-56f86a2c993f,[7]
linear-discriminant-analysis,../models/subject-4_linear-discriminant-analysis_20210913183335_.sav,csp,../extractors/_csp_20210913183332_.sav,250,20,ledoit_wolf,5,200,boxcar,4,0.059563784579519295,0.729421336439615,0.729421336439615,0,0,13/09/2021,18:33:35,e408c4ac-0f82-4e8e-8566-56f86a2c993f,[8]
linear-discriminant-analysis,../models/subject-5_linear-discriminant-analysis_20210913183337_.sav,csp,,250,20,ledoit_wolf,5,200,boxcar,5,0.04209631701771633,0.6821883091297986,0.6821883091297986,0,0,13/09/2021,18:33:38,e408c4ac-0f82-4e8e-8566-56f86a2c993f,[1]
linear-discriminant-analysis,../models/subject-5_linear-discriminant-analysis_20210913183404_.sav,csp,../extractors/_csp_20210913183400_.sav,250,20,ledoit_wolf,5,200,boxcar,5,0.059783506283358594,0.6385379202749858,0.6385379202749858,0,0,13/09/2021,18:34:04,e408c4ac-0f82-4e8e-8566-56f86a2c993f,[2]
linear-discriminant-analysis,../models/subject-5_linear-discriminant-analysis_20210913183427_.sav,csp,../extractors/_csp_20210913183423_.sav,250,20,ledoit_wolf,5,200,boxcar,5,0.04062579131788421,0.7064664893768083,0.7064664893768083,0,0,13/09/2021,18:34:27,e408c4ac-0f82-4e8e-8566-56f86a2c993f,[3]
linear-discriminant-analysis,../models/subject-5_linear-discriminant-analysis_20210913183452_.sav,csp,../extractors/_csp_20210913183448_.sav,250,20,ledoit_wolf,5,200,boxcar,5,0.057250808176715,0.634474659019996,0.634474659019996,0,0,13/09/2021,18:34:52,e408c4ac-0f82-4e8e-8566-56f86a2c993f,[4]
